{"stats":{"minecraft:picked_up":{"paraglider:spirit_orb":1},"minecraft:custom":{"minecraft:jump":51,"minecraft:time_since_rest":1705,"minecraft:leave_game":1,"minecraft:walk_on_water_one_cm":4544,"minecraft:sprint_one_cm":2540,"minecraft:play_time":1705,"minecraft:damage_taken":30,"minecraft:time_since_death":1705,"minecraft:walk_one_cm":4160,"minecraft:climb_one_cm":285,"minecraft:total_world_time":1705,"minecraft:walk_under_water_one_cm":559,"minecraft:fall_one_cm":2109,"minecraft:fly_one_cm":25427}},"DataVersion":2975}