{"stats":{"minecraft:used":{"minecraft:moss_carpet":1,"minecraft:baked_potato":3,"minecraft:ladder":1,"minecraft:spruce_slab":1,"minecraft:dispenser":1,"minecraft:stone_pickaxe":105,"minecraft:oak_planks":24,"minecraft:wooden_pickaxe":21,"minecraft:iron_sword":148,"minecraft:jungle_boat":5,"minecraft:dirt":1,"minecraft:sand":3,"minecraft:crafting_table":6,"minecraft:mushroom_stew":2,"minecraft:jungle_planks":46,"minecraft:black_terracotta":3,"farmersdelight:rope":9,"minecraft:wooden_axe":1,"minecraft:bread":60,"minecraft:smooth_sandstone":2,"minecraft:stone_axe":49,"minecraft:cobblestone":35,"minecraft:bow":22,"minecraft:jungle_button":1,"minecraft:furnace":1,"minecraft:cooked_porkchop":2,"minecraft:oak_boat":1,"minecraft:light_gray_bed":4},"minecraft:crafted":{"minecraft:cooked_porkchop":2,"minecraft:air":108,"minecraft:iron_ingot":27},"minecraft:dropped":{"minecraft:oak_slab":2,"minecraft:sugar_cane":2,"hexerei:sage_seed":2,"minecraft:wheat_seeds":14,"minecraft:cobblestone":7,"bloodandmadness:pure_quicksilver":2,"minecraft:saddle":1,"bloodandmadness:beastblood_clump":1,"minecraft:emerald":6,"minecraft:stick":2,"minecraft:polished_andesite":1,"minecraft:gunpowder":2,"minecraft:jungle_button":10,"minecraft:wooden_axe":1,"minecraft:brown_wool":1,"minecraft:azalea":17,"epicfight:glove":1,"minecraft:stone_bricks":1,"minecraft:iron_axe":2,"minecraft:jungle_boat":1,"minecraft:wooden_pickaxe":1,"minecraft:string":2,"minecraft:lily_pad":18,"minecraft:firework_rocket":4},"minecraft:killed_by":{"minecraft:vindicator":5,"majruszsdifficulty:cursed_armor":2,"minecraft:ravager":1},"minecraft:killed":{"minecraft:cat":2,"minecraft:pig":7,"minecraft:witch":1,"minecraft:vindicator":13,"majruszsdifficulty:cursed_armor":1,"minecraft:ravager":2,"minecraft:pillager":5,"bloodandmadness:brainsucker":1,"minecraft:illusioner":1,"minecraft:cow":3},"minecraft:mined":{"minecraft:oak_slab":1,"minecraft:brown_mushroom":5,"minecraft:glass_pane":1,"minecraft:black_terracotta":2,"minecraft:smooth_sandstone":2,"minecraft:crafting_table":6,"minecraft:jungle_planks":3,"minecraft:jungle_log":2,"minecraft:light_gray_bed":4,"minecraft:cobblestone":3,"minecraft:sugar_cane":1,"minecraft:lily_pad":4,"minecraft:oak_planks":9,"minecraft:red_mushroom":2,"minecraft:skeleton_skull":1,"minecraft:seagrass":1,"minecraft:furnace":2,"minecraft:fire":2,"minecraft:iron_ore":27,"treechop:chopped_log":2,"untamedwilds:flora_eelgrass":1,"minecraft:grass":10,"minecraft:coal_ore":27,"minecraft:dirt_path":1,"minecraft:sand":3,"minecraft:crimson_planks":2,"minecraft:dispenser":1,"minecraft:stone":54},"minecraft:custom":{"minecraft:interact_with_furnace":7,"lootr:looted_stat":27,"minecraft:mob_kills":41,"minecraft:interact_with_crafting_table":21,"minecraft:open_barrel":12,"minecraft:raid_trigger":1,"minecraft:damage_dealt_resisted":326,"minecraft:leave_game":12,"minecraft:time_since_death":9609,"minecraft:sleep_in_bed":6,"minecraft:climb_one_cm":16326,"minecraft:damage_absorbed":187,"minecraft:time_since_rest":9638,"minecraft:waystone_activated":2,"champions:champion_mobs_killed":23,"minecraft:sprint_one_cm":571992,"minecraft:open_enderchest":2,"minecraft:damage_taken":4741,"minecraft:walk_one_cm":925847,"minecraft:trigger_trapped_chest":4,"minecraft:drop":80,"minecraft:damage_dealt":7812,"minecraft:talked_to_villager":1,"minecraft:damage_dealt_absorbed":152,"minecraft:swim_one_cm":134658,"minecraft:fly_one_cm":770912,"minecraft:open_chest":26,"minecraft:crouch_one_cm":19366,"minecraft:play_time":172145,"minecraft:deaths":8,"minecraft:sneak_time":3561,"minecraft:walk_under_water_one_cm":39357,"minecraft:boat_one_cm":197430,"minecraft:jump":3023,"minecraft:walk_on_water_one_cm":52758,"minecraft:total_world_time":172145,"minecraft:fall_one_cm":72721,"minecraft:inspect_dispenser":3,"minecraft:horse_one_cm":3597},"minecraft:picked_up":{"minecraft:crafting_table":6,"minecraft:jungle_boat":3,"minecraft:ladder":1,"minecraft:jungle_log":20,"minecraft:brown_wool":2,"minecraft:brown_mushroom":5,"minecraft:red_mushroom":2,"paraglider:spirit_orb":1,"minecraft:lily_pad":44,"minecraft:crimson_planks":1,"minecraft:jungle_button":11,"minecraft:gunpowder":2,"minecraft:dirt":1,"minecraft:string":6,"minecraft:white_banner":1,"minecraft:moss_carpet":1,"minecraft:iron_axe":2,"minecraft:smooth_sandstone":2,"minecraft:stone_bricks":1,"minecraft:wheat_seeds":15,"minecraft:beef":8,"minecraft:spruce_slab":1,"minecraft:azalea":17,"minecraft:sugar_cane":5,"minecraft:oak_planks":9,"bloodandmadness:pure_quicksilver":2,"minecraft:oak_slab":2,"minecraft:furnace":2,"hexerei:animal_fat":7,"minecraft:raw_iron":27,"minecraft:stick":2,"minecraft:black_terracotta":3,"apotheosis:gem":2,"minecraft:porkchop":15,"minecraft:jungle_planks":3,"minecraft:sand":3,"bloodandmadness:beastblood_clump":1,"minecraft:polished_andesite":1,"hexerei:sage_seed":2,"minecraft:firework_rocket":4,"minecraft:arrow":6,"minecraft:dispenser":1,"minecraft:light_gray_bed":4,"waystones:waystone":1,"epicfight:glove":1,"farmersdelight:rope":4,"minecraft:bread":89,"minecraft:saddle":1,"minecraft:emerald":15,"supplementaries:ash":1,"minecraft:coal":52,"minecraft:skeleton_skull":1,"minecraft:cobblestone":56}},"DataVersion":2975}