{"stats":{"minecraft:used":{"minecraft:moss_block":2,"minecraft:trident":6,"minecraft:carved_pumpkin":1,"minecraft:shield":1,"minecraft:dirt":5,"epicfight:iron_greatsword":107,"minecraft:iron_axe":53,"epicfight:stone_greatsword":12,"minecraft:furnace":5,"minecraft:brown_bed":1,"minecraft:wheat_seeds":7,"minecraft:cooked_mutton":4,"minecraft:stone_pickaxe":76,"minecraft:oak_planks":98,"minecraft:wooden_pickaxe":14,"minecraft:jungle_boat":20,"minecraft:sand":1,"minecraft:oak_slab":1,"minecraft:crafting_table":17,"minecraft:red_bed":2,"minecraft:lightning_rod":1,"minecraft:bread":62,"minecraft:iron_pickaxe":165,"minecraft:stone_axe":52,"minecraft:cobblestone":20,"minecraft:cooked_porkchop":1,"minecraft:jungle_door":4,"minecraft:andesite":13,"minecraft:sea_pickle":4,"minecraft:oak_boat":4,"minecraft:coarse_dirt":4},"minecraft:broken":{"minecraft:leather_helmet":1},"minecraft:crafted":{"quark:jungle_chest":1,"minecraft:cooked_mutton":5,"minecraft:iron_axe":1,"minecraft:stone_pickaxe":1,"epicfight:iron_greatsword":1,"minecraft:cooked_beef":2,"sophisticatedbackpacks:backpack":1,"minecraft:cooked_porkchop":1,"minecraft:jungle_boat":1,"minecraft:wooden_pickaxe":1,"minecraft:stone_axe":1,"minecraft:air":914,"minecraft:string":4,"minecraft:charcoal":1,"minecraft:shield":1,"minecraft:stick":4,"minecraft:iron_ingot":22,"minecraft:iron_pickaxe":1,"minecraft:torch":4},"minecraft:dropped":{"farmersdelight:tomato_seeds":27,"minecraft:bread":89,"minecraft:oak_slab":1,"minecraft:brown_mushroom":1,"minecraft:moss_block":3,"minecraft:wheat_seeds":9,"minecraft:oak_log":2,"minecraft:mossy_cobblestone":1,"minecraft:cookie":1,"minecraft:cobblestone":2,"minecraft:fletching_table":1,"minecraft:copper_ingot":1,"minecraft:acacia_log":1,"minecraft:stick":3,"minecraft:polished_andesite":3,"minecraft:cobweb":4,"minecraft:dirt":6,"minecraft:black_candle":1,"minecraft:brown_wool":1,"minecraft:netherite_boots":2,"minecraft:jungle_door":3,"epicfight:stone_greatsword":1,"minecraft:flowering_azalea":1,"paraglider:paraglider":1,"minecraft:string":1,"minecraft:lily_pad":20,"solapplepie:food_book":2,"minecraft:gold_ingot":4,"minecraft:stone_axe":1,"hexerei:sage_seed":1,"alexsmobs:acacia_blossom":1,"minecraft:coarse_dirt":5,"minecraft:wheat":5,"minecraft:rotten_flesh":8,"minecraft:chainmail_chestplate":1,"minecraft:filled_map":2,"minecraft:leather_chestplate":6,"minecraft:gunpowder":5,"minecraft:mossy_stone_bricks":2,"minecraft:azalea":3,"apotheosis:gem":2,"minecraft:chainmail_boots":1,"minecraft:leather_leggings":2,"minecraft:arrow":1,"minecraft:stone_pickaxe":1,"farmersdelight:tomato":3},"minecraft:killed_by":{"minecraft:drowned":1},"minecraft:mined":{"minecraft:mossy_cobblestone":1,"paraglider:rito_goddess_statue":1,"minecraft:carved_pumpkin":1,"minecraft:acacia_log":1,"minecraft:grass_block":5,"minecraft:moss_block":6,"minecraft:spawner":2,"minecraft:hay_block":74,"minecraft:tall_seagrass":1,"minecraft:furnace":6,"minecraft:iron_ore":29,"minecraft:andesite":13,"minecraft:pumpkin":8,"treechop:chopped_log":3,"minecraft:fletching_table":1,"minecraft:anvil":7,"minecraft:brown_bed":2,"minecraft:enchanting_table":1,"minecraft:bell":1,"minecraft:bookshelf":6,"minecraft:deepslate_iron_ore":1,"minecraft:vine":3,"minecraft:stone":95,"minecraft:iron_block":5,"untamedwilds:anemone_rose_bulb":3,"minecraft:oak_slab":1,"minecraft:acacia_leaves":3,"minecraft:brown_mushroom":1,"minecraft:red_bed":3,"minecraft:jungle_door":4,"farmersdelight:organic_compost":5,"minecraft:brown_stained_glass_pane":2,"minecraft:crafting_table":16,"minecraft:dead_bush":2,"minecraft:lightning_rod":1,"minecraft:tall_grass":2,"minecraft:copper_ore":14,"minecraft:cobblestone":6,"minecraft:sugar_cane":7,"farmersdelight:wild_tomatoes":24,"minecraft:grindstone":2,"minecraft:oak_planks":11,"minecraft:cactus":2,"minecraft:coarse_dirt":9,"minecraft:sea_pickle":7,"minecraft:wheat":19,"minecraft:waxed_copper_block":1,"minecraft:white_wall_banner":2,"minecraft:red_wall_banner":2,"minecraft:grass":24,"minecraft:oak_log":2,"minecraft:coal_ore":43,"minecraft:end_rod":2,"minecraft:sand":4,"minecraft:dirt":6,"minecraft:stone_bricks":2,"minecraft:polished_andesite":4,"minecraft:mossy_stone_bricks":2,"minecraft:oak_leaves":3,"minecraft:infested_stone":1,"paraglider:goddess_statue":1},"minecraft:killed":{"untamedwilds:hyena":1,"untamedwilds:wildebeest":1,"minecraft:vindicator":10,"minecraft:skeleton":1,"simple_mobs:vampire":1,"minecraft:silverfish":2,"minecraft:husk":1,"minecraft:pig":6,"untamedwilds:boar":1,"majruszsdifficulty:cursed_armor":1,"minecraft:sheep":6,"minecraft:pillager":2,"minecraft:wither_skeleton":1,"minecraft:cow":10},"minecraft:custom":{"lootr:looted_stat":30,"minecraft:mob_kills":45,"minecraft:interact_with_crafting_table":30,"minecraft:open_barrel":5,"minecraft:damage_dealt_resisted":210,"minecraft:eat_cake_slice":4,"minecraft:leave_game":6,"minecraft:time_since_death":36177,"minecraft:climb_one_cm":12382,"champions:champion_mobs_killed":19,"minecraft:sprint_one_cm":456666,"minecraft:walk_one_cm":619761,"minecraft:damage_blocked_by_shield":25,"minecraft:drop":69,"minecraft:play_time":172695,"minecraft:deaths":1,"minecraft:sneak_time":2471,"minecraft:walk_under_water_one_cm":63192,"minecraft:boat_one_cm":10289,"minecraft:interact_with_lectern":4,"minecraft:jump":2927,"minecraft:walk_on_water_one_cm":86260,"minecraft:total_world_time":172695,"minecraft:interact_with_furnace":27,"minecraft:sleep_in_bed":12,"minecraft:time_since_rest":9256,"minecraft:waystone_activated":1,"minecraft:damage_taken":3082,"minecraft:damage_dealt":7023,"minecraft:swim_one_cm":163545,"minecraft:fly_one_cm":864083,"minecraft:open_chest":35,"minecraft:crouch_one_cm":8762,"minecraft:fall_one_cm":64391,"minecraft:horse_one_cm":19864},"minecraft:picked_up":{"minecraft:crafting_table":16,"minecraft:coarse_dirt":9,"minecraft:wheat":35,"minecraft:anvil":7,"minecraft:leather_leggings":1,"minecraft:brown_mushroom":1,"minecraft:brown_bed":2,"paraglider:goddess_statue":1,"minecraft:red_bed":3,"minecraft:raw_copper":53,"minecraft:sea_pickle":20,"paraglider:rito_goddess_statue":1,"minecraft:beef":19,"minecraft:oak_boat":3,"minecraft:azalea":3,"minecraft:sugar_cane":11,"minecraft:furnace":6,"apotheosis:gem":1,"minecraft:stick":4,"minecraft:raw_iron":30,"minecraft:jungle_door":4,"minecraft:torch":1,"minecraft:acacia_log":1,"minecraft:porkchop":16,"minecraft:lightning_rod":1,"farmersdelight:tomato_seeds":23,"solapplepie:food_book":1,"untamedwilds:anemone_rose_bulb":2,"hexerei:sage_seed":1,"minecraft:arrow":6,"minecraft:cactus":2,"minecraft:hay_block":74,"minecraft:iron_block":5,"minecraft:carved_pumpkin":1,"minecraft:saddle":1,"minecraft:end_rod":2,"minecraft:mutton":12,"minecraft:white_wool":7,"minecraft:cobblestone":101,"paraglider:paraglider":1,"minecraft:enchanting_table":1,"minecraft:netherite_boots":2,"minecraft:leather_chestplate":2,"minecraft:jungle_boat":19,"minecraft:jungle_log":15,"minecraft:andesite":13,"minecraft:brown_wool":1,"minecraft:leather":13,"alexsmobs:acacia_blossom":1,"minecraft:oak_log":56,"minecraft:waxed_copper_block":1,"minecraft:lily_pad":30,"farmersdelight:tomato":3,"minecraft:dirt":11,"minecraft:white_banner":2,"farmersdelight:organic_compost":5,"minecraft:bone":5,"minecraft:stone_bricks":1,"minecraft:bow":1,"minecraft:wheat_seeds":80,"minecraft:bell":1,"minecraft:grindstone":2,"minecraft:cobweb":2,"minecraft:mossy_stone_bricks":2,"minecraft:fletching_table":1,"minecraft:moss_block":6,"minecraft:acacia_sapling":2,"minecraft:oak_planks":11,"minecraft:flowering_azalea":1,"minecraft:book":18,"hexerei:animal_fat":4,"minecraft:oak_slab":2,"minecraft:black_candle":1,"minecraft:pumpkin":8,"minecraft:sand":4,"minecraft:red_banner":2,"minecraft:mossy_cobblestone":1,"minecraft:polished_andesite":3,"waystones:waystone":1,"minecraft:emerald":7,"minecraft:coal":101}},"DataVersion":2975}