{"stats":{"minecraft:used":{"minecraft:moss_block":1,"minecraft:stone_sword":134,"minecraft:cooked_chicken":3,"minecraft:torch":1,"minecraft:jungle_planks":27,"minecraft:spruce_stairs":1,"minecraft:jungle_slab":18,"minecraft:wooden_axe":43,"minecraft:iron_axe":189,"minecraft:jungle_log":5,"magistuarmory:wood_morgenstern":15,"minecraft:crimson_planks":2,"minecraft:furnace":2,"minecraft:cooked_cod":6,"untamedwilds:material_fat":2,"minecraft:pumpkin":20,"minecraft:birch_planks":1,"minecraft:stone_pickaxe":106,"minecraft:oak_planks":2,"minecraft:birch_boat":5,"minecraft:wooden_pickaxe":6,"minecraft:sandstone":5,"minecraft:green_bed":1,"minecraft:jungle_boat":6,"minecraft:salmon":2,"minecraft:sand":3,"minecraft:crafting_table":9,"minecraft:red_bed":1,"minecraft:crossbow":39,"minecraft:white_bed":1,"minecraft:cod":1,"waystones:waystone":1,"minecraft:wooden_hoe":31,"minecraft:firework_rocket":4,"minecraft:melon_slice":7,"minecraft:bread":83,"minecraft:golden_helmet":1,"scattered_weapons:cutlass":33,"minecraft:stone_axe":76,"minecraft:cobblestone":18,"minecraft:oak_boat":3},"minecraft:broken":{"minecraft:golden_helmet":1,"minecraft:stone_sword":1,"minecraft:leather_leggings":1,"minecraft:iron_axe":1,"minecraft:stone_axe":1},"minecraft:crafted":{"minecraft:cooked_chicken":3,"quark:jungle_chest":1,"minecraft:iron_axe":1,"minecraft:stone_pickaxe":1,"minecraft:wheat":9,"sophisticatedbackpacks:backpack":1,"minecraft:jungle_slab":6,"minecraft:air":722,"minecraft:jungle_planks":16,"minecraft:string":4,"minecraft:stick":8,"minecraft:iron_ingot":4,"minecraft:stone_sword":1},"minecraft:dropped":{"farmersdelight:tomato_seeds":10,"minecraft:birch_planks":4,"minecraft:moss_block":2,"minecraft:wheat_seeds":19,"minecraft:crafting_table":1,"minecraft:cobblestone":7,"minecraft:granite":2,"minecraft:jungle_planks":2,"minecraft:stick":2,"minecraft:polished_andesite":1,"minecraft:iron_block":1,"minecraft:dirt":1,"minecraft:jungle_slab":1,"minecraft:jungle_button":11,"minecraft:wooden_hoe":1,"minecraft:wooden_axe":1,"minecraft:brown_wool":2,"immersive_weathering:mossy_stone":1,"minecraft:dried_kelp":14,"minecraft:flowering_azalea":1,"minecraft:sand":22,"minecraft:cactus":1,"minecraft:string":6,"minecraft:lily_pad":87,"minecraft:white_wool":6,"minecraft:kelp":1,"hexerei:sage_seed":1,"minecraft:coarse_dirt":4,"minecraft:wheat":4,"minecraft:purple_banner":1,"minecraft:rotten_flesh":5,"minecraft:light_gray_wool":1,"minecraft:chainmail_chestplate":1,"minecraft:filled_map":1,"minecraft:gunpowder":12,"minecraft:melon_seeds":2,"apotheosis:gem":1,"minecraft:azalea":11,"minecraft:chainmail_boots":1,"minecraft:leather_leggings":1,"minecraft:stone_bricks":1,"minecraft:wooden_pickaxe":1},"minecraft:killed":{"untamedwilds:wildebeest":1,"minecraft:vindicator":18,"minecraft:chicken":3,"minecraft:drowned":1,"untamedwilds:monitor":1,"minecraft:ravager":1,"minecraft:sheep":7,"minecraft:pillager":10,"minecraft:cow":12},"minecraft:killed_by":{"minecraft:player":1,"minecraft:pillager":1,"minecraft:vindicator":4,"majruszsdifficulty:cursed_armor":1},"minecraft:mined":{"minecraft:black_terracotta":1,"minecraft:ladder":1,"minecraft:granite":2,"minecraft:stripped_crimson_hyphae":1,"minecraft:grass_block":1,"minecraft:jungle_log":4,"minecraft:moss_block":7,"minecraft:rooted_dirt":1,"minecraft:hay_block":54,"minecraft:furnace":2,"minecraft:iron_ore":6,"minecraft:red_sandstone":1,"immersive_weathering:mossy_stone":1,"minecraft:pumpkin":30,"treechop:chopped_log":6,"minecraft:vine":2,"minecraft:deepslate_iron_ore":1,"minecraft:azalea_leaves":1,"minecraft:iron_block":1,"minecraft:stone":40,"minecraft:white_wool":3,"minecraft:spruce_slab":1,"minecraft:green_bed":1,"minecraft:oak_slab":3,"minecraft:acacia_leaves":2,"minecraft:glass_pane":1,"minecraft:red_bed":1,"minecraft:crafting_table":4,"minecraft:torch":1,"minecraft:polished_andesite_stairs":1,"minecraft:melon":6,"minecraft:dead_bush":3,"farmersdelight:wild_tomatoes":10,"minecraft:oak_planks":6,"minecraft:sugar_cane":5,"minecraft:spruce_stairs":1,"minecraft:coarse_dirt":5,"minecraft:birch_log":1,"paraglider:horned_statue":1,"minecraft:smooth_stone_slab":1,"minecraft:grass":22,"minecraft:coal_ore":10,"minecraft:dirt":3,"minecraft:polished_andesite":2,"paraglider:goddess_statue":1},"minecraft:custom":{"lootr:looted_stat":18,"minecraft:mob_kills":54,"minecraft:interact_with_crafting_table":27,"minecraft:open_barrel":9,"minecraft:bell_ring":5,"minecraft:damage_dealt_resisted":393,"minecraft:leave_game":2,"minecraft:time_since_death":7355,"minecraft:climb_one_cm":13507,"minecraft:sprint_one_cm":507944,"champions:champion_mobs_killed":31,"minecraft:walk_one_cm":820381,"minecraft:drop":97,"minecraft:damage_dealt_absorbed":585,"minecraft:play_time":188245,"minecraft:deaths":7,"minecraft:sneak_time":9745,"minecraft:walk_under_water_one_cm":66420,"minecraft:boat_one_cm":112374,"minecraft:jump":3967,"minecraft:walk_on_water_one_cm":167291,"minecraft:total_world_time":188245,"minecraft:interact_with_furnace":5,"minecraft:sleep_in_bed":2,"minecraft:time_since_rest":7381,"minecraft:waystone_activated":3,"minecraft:damage_taken":5631,"minecraft:damage_dealt":8296,"minecraft:swim_one_cm":157586,"minecraft:fly_one_cm":1240599,"minecraft:open_chest":12,"minecraft:crouch_one_cm":65635,"minecraft:fall_one_cm":82079},"minecraft:picked_up":{"minecraft:crafting_table":4,"minecraft:coarse_dirt":4,"minecraft:wheat":1,"minecraft:chainmail_boots":1,"minecraft:chicken":3,"minecraft:leather_leggings":1,"minecraft:enchanted_book":2,"minecraft:crimson_planks":1,"paraglider:goddess_statue":1,"minecraft:red_bed":1,"minecraft:iron_axe":1,"minecraft:smooth_stone_slab":1,"minecraft:purple_banner":1,"minecraft:beef":23,"minecraft:oak_boat":3,"minecraft:azalea":11,"minecraft:light_gray_wool":1,"minecraft:melon_slice":25,"minecraft:sugar_cane":22,"minecraft:furnace":2,"minecraft:stripped_crimson_hyphae":1,"minecraft:stick":3,"minecraft:raw_iron":7,"minecraft:torch":1,"minecraft:green_bed":1,"minecraft:spruce_stairs":1,"minecraft:dried_kelp":7,"farmersdelight:tomato_seeds":10,"solapplepie:food_book":1,"hexerei:sage_seed":1,"minecraft:arrow":20,"minecraft:cactus":2,"minecraft:rotten_flesh":4,"minecraft:hay_block":84,"minecraft:iron_block":1,"minecraft:saddle":1,"paraglider:horned_statue":1,"minecraft:mutton":14,"minecraft:cobblestone":41,"minecraft:white_wool":11,"minecraft:birch_log":3,"immersive_weathering:mossy_stone":1,"minecraft:jungle_boat":3,"minecraft:feather":4,"minecraft:jungle_log":33,"minecraft:brown_wool":2,"minecraft:leather":19,"minecraft:birch_planks":4,"paraglider:spirit_orb":1,"minecraft:chainmail_chestplate":1,"minecraft:lily_pad":115,"minecraft:gunpowder":2,"farmersdelight:tomato":3,"minecraft:dirt":1,"minecraft:leather_boots":1,"minecraft:bone":4,"minecraft:stone_bricks":1,"untamedwilds:material_fat":2,"minecraft:wheat_seeds":30,"minecraft:moss_block":3,"minecraft:oak_planks":6,"minecraft:flowering_azalea":1,"hexerei:animal_fat":3,"minecraft:oak_slab":6,"minecraft:black_terracotta":1,"minecraft:birch_boat":4,"minecraft:pumpkin":30,"minecraft:jungle_slab":1,"minecraft:firework_rocket":4,"minecraft:polished_andesite":1,"waystones:waystone":2,"minecraft:granite":2,"minecraft:emerald":5,"minecraft:melon_seeds":2,"minecraft:coal":10}},"DataVersion":2975}